,Factors 1,Factors 2,Factors 3,Factors 4,Factors 5
SS Loadings,2.502747553929563,2.0795254518409774,1.1933351960975835,0.9851465538959169,0.5876989554975495
Proportion Variance,0.2085622961607969,0.17329378765341477,0.09944459967479863,0.08209554615799307,0.04897491295812912
Cumulative Variance,0.2085622961607969,0.38185608381421166,0.4813006834890103,0.5633962296470033,0.6123711426051325
Ratio Variance,0.3405815226261919,0.2829881677901952,0.1623926941621451,0.1340617485806801,0.07997586684078775
