,Factors 1,Factors 2,Factors 3,Factors 4,Factors 5
SS Loadings,2.4957129175379067,2.0852090419468787,1.1997275470915312,0.9827512577312644,0.5865575391449052
Proportion Variance,0.20797607646149222,0.1737674201622399,0.09997729559096093,0.08189593814427203,0.048879794928742094
Cumulative Variance,0.20797607646149222,0.3817434966237321,0.481720792214693,0.563616730358965,0.612496525287707
Ratio Variance,0.3395547041900359,0.2837035199189357,0.16322916369851853,0.1337084126408769,0.07980419955163315
