,Factors 1,Factors 2,Factors 3,Factors 4,Factors 5
SS Loadings,2.350700026941449,2.1221617255339895,1.1184075199626404,0.7056430601735617,0.3383352669138879
Proportion Variance,0.19589166891178741,0.1768468104611658,0.09320062666355337,0.05880358834779681,0.028194605576157324
Cumulative Variance,0.19589166891178741,0.37273847937295324,0.4659391060365066,0.5247426943843034,0.5529372999604607
Ratio Variance,0.35427465089766086,0.3198315803144619,0.1685555065108068,0.10634766066966675,0.05099060160740369
