,Factors 1,Factors 2,Factors 3,Factors 4,Factors 5
SS Loadings,2.3586356304738807,2.110762757252847,1.1172535608839593,0.7036561214066717,0.3301253942930443
Proportion Variance,0.19655296920615672,0.17589689643773723,0.09310446340699662,0.05863801011722264,0.02751044952442036
Cumulative Variance,0.19655296920615672,0.37244986564389393,0.46555432905089056,0.5241923391681131,0.5517027886925335
Ratio Variance,0.35626604257695094,0.31882546190239647,0.1687583701138117,0.10628550610771313,0.049864619299127846
